{
    "best_model": "Random Forest",
    "training_timestamp": "2025-08-21T11:54:56.593124",
    "performance_metrics": {
        "r2_score": 0.9964657268264081,
        "rmse": 3.4804880949810464,
        "mae": 1.8258125076885223,
        "cv_r2_score": 0.9974525279450829
    },
    "all_models_performance": {
        "Linear Regression": {
            "r2": 0.9889300216514977,
            "rmse": 6.159755601949772,
            "mae": 3.3585658493882566,
            "cv_r2": 0.9912123168054225
        },
        "Ridge Regression": {
            "r2": 0.991207144144301,
            "rmse": 5.489781663744294,
            "mae": 3.0287737332071307,
            "cv_r2": 0.9927641599049801
        },
        "Lasso Regression": {
            "r2": 0.990941948112903,
            "rmse": 5.571953680861234,
            "mae": 3.054837901653289,
            "cv_r2": 0.9927074032603237
        },
        "Random Forest": {
            "r2": 0.9964657268264081,
            "rmse": 3.4804880949810464,
            "mae": 1.8258125076885223,
            "cv_r2": 0.9974525279450829
        }
    },
    "data_info": {
        "total_samples": 7390,
        "features_count": 2148,
        "training_samples": 5912,
        "test_samples": 1478
    }
}